chromosome,start,end,width,type,1000genomes_AF,1000genomes_ID,Callers,NumCallers,cosmic,dbsnp,repeat_masker,dbsnp_somatic,VAF,n_vaf,t_alt_count,t_ref_count,n_alt_count,n_ref_count,model_score,Variant_Classification,signature_R1,signature_R2,signature_N3,snv_near_indel,total_cn,major_cn,minor_cn,karyotype,sample,gene
1,98969473,98969473,1,snv_mnv,0.0013978,rs561914850,"broad,dkfz,muse,sanger",4,COSN19111116,rs561914850,NA,FALSE,0.2857,NA,10,25,NA,NA,NA,IGR,FALSE,FALSE,FALSE,FALSE,2,1,1,1_1,3e7a30e6-2202-40bd-bfc1-0383604050da,NA
1,226046027,226046027,1,snv_mnv,NA,NA,"broad,muse",2,COSN7206264,NA,AluSq2,FALSE,0.1379,NA,4,25,NA,NA,NA,Intron,FALSE,FALSE,FALSE,TRUE,2,1,1,1_1,3e7a30e6-2202-40bd-bfc1-0383604050da,TMEM63A
10,49950933,49950933,1,snv_mnv,NA,NA,"broad,muse",2,COSN18442252,NA,NA,FALSE,0.0909,NA,4,40,NA,NA,NA,Intron,FALSE,FALSE,FALSE,FALSE,2,1,1,1_1,3e7a30e6-2202-40bd-bfc1-0383604050da,NA
10,111514884,111514884,1,snv_mnv,1.9968e-4,rs189695066,"broad,muse",2,COSN6960245,rs189695066,AluY,FALSE,0.125,NA,4,28,NA,NA,NA,IGR,FALSE,FALSE,FALSE,FALSE,2,1,1,1_1,3e7a30e6-2202-40bd-bfc1-0383604050da,NA
11,65396321,65396321,1,snv_mnv,NA,NA,"broad,muse,sanger",3,COSM3451861,NA,NA,FALSE,0.1739,NA,4,19,NA,NA,NA,Silent,FALSE,FALSE,FALSE,FALSE,2,1,1,1_1,3e7a30e6-2202-40bd-bfc1-0383604050da,PCNX3
14,97905429,97905429,1,snv_mnv,NA,NA,"broad,muse",2,COSN8160106,NA,AluSx,FALSE,0.16,NA,4,21,NA,NA,NA,IGR,FALSE,FALSE,FALSE,FALSE,2,1,1,1_1,3e7a30e6-2202-40bd-bfc1-0383604050da,NA
15,92472229,92472229,1,snv_mnv,NA,NA,"broad,dkfz,muse,sanger",4,COSN8178496,NA,NA,FALSE,0.1556,NA,7,38,NA,NA,NA,Intron,FALSE,FALSE,FALSE,FALSE,2,1,1,1_1,3e7a30e6-2202-40bd-bfc1-0383604050da,NA
18,30962335,30962335,1,snv_mnv,1.9968e-4,rs531395393,"broad,muse",2,COSN19610164,rs531395393,NA,FALSE,0.12,NA,6,44,NA,NA,NA,Intron,FALSE,FALSE,FALSE,FALSE,2,1,1,1_1,3e7a30e6-2202-40bd-bfc1-0383604050da,NA
18,65439189,65439189,1,snv_mnv,NA,NA,"broad,dkfz,muse,sanger",4,COSN16933067,rs184423967,NA,FALSE,0.175,NA,7,33,NA,NA,NA,lincRNA,FALSE,FALSE,FALSE,FALSE,2,1,1,1_1,3e7a30e6-2202-40bd-bfc1-0383604050da,NA
3,107897267,107897267,1,snv_mnv,NA,NA,"broad,muse,sanger",3,COSN19378773,NA,L1M5,FALSE,0.186,NA,8,35,NA,NA,NA,Intron,FALSE,FALSE,FALSE,FALSE,2,1,1,1_1,3e7a30e6-2202-40bd-bfc1-0383604050da,NA
4,62644601,62644601,1,snv_mnv,NA,NA,"broad,muse",2,COSN5062477,NA,AluSx1,FALSE,0.075,NA,3,37,NA,NA,NA,Intron,FALSE,FALSE,FALSE,FALSE,2,1,1,1_1,3e7a30e6-2202-40bd-bfc1-0383604050da,NA
5,45602299,45602299,1,snv_mnv,NA,NA,"broad,muse",2,COSN14923323,NA,THE1C,FALSE,0.0625,NA,3,45,NA,NA,NA,Intron,FALSE,FALSE,FALSE,FALSE,2,1,1,1_1,3e7a30e6-2202-40bd-bfc1-0383604050da,NA
8,73480218,73480218,1,snv_mnv,NA,NA,"broad,dkfz,muse,sanger",4,COSM3929631,NA,NA,FALSE,0.1667,NA,7,35,NA,NA,NA,Silent,FALSE,FALSE,FALSE,FALSE,2,1,1,1_1,3e7a30e6-2202-40bd-bfc1-0383604050da,NA
8,108223251,108223251,1,snv_mnv,NA,NA,"broad,muse,sanger",3,COSN6903746,NA,HSMAR2,FALSE,0.0943,NA,5,48,NA,NA,NA,IGR,FALSE,FALSE,FALSE,FALSE,2,1,1,1_1,3e7a30e6-2202-40bd-bfc1-0383604050da,NA
