"Protein_change_ID","Study","Gene_ID"
"p.R404*","Acuna2017","ASXL1"
"p.R693*","Acuna2017","ASXL1"
"p.Q588*","Acuna2017","ASXL1"
"p.K601N","Acuna2017","BRAF"
"p.D88G","Acuna2017","BRCC3"
"p.R420Q","Acuna2017","CBL"
"p.C384Y","Acuna2017","CBL"
"p.C404Y","Acuna2017","CBL"
"p.C419S","Acuna2017","CBL"
"p.G415V","Acuna2017","CBL"
"p.H398Q","Acuna2017","CBL"
"p.F418L","Acuna2017","CBL"
"p.P395H","Acuna2017","CBL"
"p.S376P","Acuna2017","CBL"
"p.T377I","Acuna2017","CBL"
"p.L592P","Acuna2017","CUX2"
"p.A884T","Acuna2017","DNMT3A"
"p.A884V","Acuna2017","DNMT3A"
"p.R320*","Acuna2017","DNMT3A"
"p.R326C","Acuna2017","DNMT3A"
"p.R326G","Acuna2017","DNMT3A"
"p.R326H","Acuna2017","DNMT3A"
"p.R326S","Acuna2017","DNMT3A"
"p.R729Q","Acuna2017","DNMT3A"
"p.R729G","Acuna2017","DNMT3A"
"p.R729W","Acuna2017","DNMT3A"
"p.R736C","Acuna2017","DNMT3A"
"p.R736H","Acuna2017","DNMT3A"
"p.R771*","Acuna2017","DNMT3A"
"p.R771Q","Acuna2017","DNMT3A"
"p.R771G","Acuna2017","DNMT3A"
"p.R866M","Acuna2017","DNMT3A"
"p.R882C","Acuna2017","DNMT3A"
"p.R882H","Acuna2017","DNMT3A"
"p.R885S","Acuna2017","DNMT3A"
"p.R887*","Acuna2017","DNMT3A"
"p.D765G","Acuna2017","DNMT3A"
"p.D768E","Acuna2017","DNMT3A"
"p.D857A","Acuna2017","DNMT3A"
"p.C861*","Acuna2017","DNMT3A"
"p.Q886*","Acuna2017","DNMT3A"
"p.E733*","Acuna2017","DNMT3A"
"p.E774*","Acuna2017","DNMT3A"
"p.E774K","Acuna2017","DNMT3A"
"p.E863G","Acuna2017","DNMT3A"
"p.G332E","Acuna2017","DNMT3A"
"p.L737F","Acuna2017","DNMT3A"
"p.L773R","Acuna2017","DNMT3A"
"p.L859*","Acuna2017","DNMT3A"
"p.L888P","Acuna2017","DNMT3A"
"p.L889V","Acuna2017","DNMT3A"
"p.K766N","Acuna2017","DNMT3A"
"p.M761V","Acuna2017","DNMT3A"
"p.M864R","Acuna2017","DNMT3A"
"p.M880I","Acuna2017","DNMT3A"
"p.M880V","Acuna2017","DNMT3A"
"p.F732L","Acuna2017","DNMT3A"
"p.F734L","Acuna2017","DNMT3A"
"p.F772C","Acuna2017","DNMT3A"
"p.S770*","Acuna2017","DNMT3A"
"p.S770L","Acuna2017","DNMT3A"
"p.T862I","Acuna2017","DNMT3A"
"p.W330*","Acuna2017","DNMT3A"
"p.W860*","Acuna2017","DNMT3A"
"p.W860R","Acuna2017","DNMT3A"
"p.Y735C","Acuna2017","DNMT3A"
"p.Y735S","Acuna2017","DNMT3A"
"p.V328F","Acuna2017","DNMT3A"
"p.R844C","Acuna2017","GNAS"
"p.R844H","Acuna2017","GNAS"
"p.R844S","Acuna2017","GNAS"
"p.C843R","Acuna2017","GNAS"
"p.L846P","Acuna2017","GNAS"
"p.K57E","Acuna2017","GNB1"
"p.R140Q","Acuna2017","IDH2"
"p.V617F","Acuna2017","JAK2"
"p.S228N","Acuna2017","KCNQ3"
"p.G13D","Acuna2017","KRAS"
"p.L273P","Acuna2017","MYD88"
"p.Q61K","Acuna2017","NRAS"
"p.E69A","Acuna2017","PTPN11"
"p.K666N","Acuna2017","SF3B1"
"p.K700E","Acuna2017","SF3B1"
"p.P95H","Acuna2017","SRSF2"
"p.P95L","Acuna2017","SRSF2"
"p.R550*","Acuna2017","TET2"
"p.Q530*","Acuna2017","TET2"
"p.Q548*","Acuna2017","TET2"
"p.Q548K","Acuna2017","TET2"
"p.Q886*","Acuna2017","TET2"
"p.R110L","Acuna2017","TP53"
"p.R213*","Acuna2017","TP53"
"p.L114*","Acuna2017","TP53"
"p.M237I","Acuna2017","TP53"
"p.M237K","Acuna2017","TP53"
"p.Y220C","Acuna2017","TP53"
"p.V216M","Acuna2017","TP53"
"p.S34F","Acuna2017","U2AF1"
"p.S1120L","Coombs2017","ABL1"
"p.C464Y","Coombs2017","ABL1"
"p.R2801Q","Coombs2017","APC"
"p.I816S","Coombs2017","AR"
"p.Q66L","Coombs2017","AR"
"p.Q825K","Coombs2017","AR"
"p.P223A","Coombs2017","ARID1A"
"p.E1763*","Coombs2017","ARID1A"
"p.D1308N","Coombs2017","ARID1B"
"p.M1016T","Coombs2017","ARID1B"
"p.Q708*","Coombs2017","ASXL1"
"p.W583*","Coombs2017","ASXL1"
"p.S392*","Coombs2017","ASXL1"
"p.R693*","Coombs2017","ASXL1"
"p.Q377*","Coombs2017","ASXL1"
"p.W1065*","Coombs2017","ASXL1"
"p.G642*","Coombs2017","ASXL1"
"p.Q829*","Coombs2017","ASXL1"
"p.W796*","Coombs2017","ASXL1"
"p.R404*","Coombs2017","ASXL1"
"p.I2888T","Coombs2017","ATM"
"p.R2010I","Coombs2017","ATM"
"p.Y332C","Coombs2017","ATM"
"p.R3008H","Coombs2017","ATM"
"p.H2872R","Coombs2017","ATM"
"p.R250Q","Coombs2017","ATM"
"p.G2891D","Coombs2017","ATM"
"p.H1352R","Coombs2017","ATM"
"p.R337C","Coombs2017","ATM"
"p.R480H","Coombs2017","AXL"
"p.G156*","Coombs2017","BCL2L11"
"p.C579Y","Coombs2017","BCL6"
"p.S1437*","Coombs2017","BCOR"
"p.V1171A","Coombs2017","BLM"
"p.V600E","Coombs2017","BRAF"
"p.G559D","Coombs2017","BRCA1"
"p.A1245G","Coombs2017","BRD4"
"p.A551T","Coombs2017","BRIP1"
"p.Q103H","Coombs2017","BTK"
"p.P554A","Coombs2017","CARD11"
"p.C404Y","Coombs2017","CBL"
"p.H360D","Coombs2017","CBL"
"p.R420Q","Coombs2017","CBL"
"p.P281A","Coombs2017","CCND2"
"p.K268R","Coombs2017","CCND3"
"p.P284S","Coombs2017","CCND3"
"p.D468E","Coombs2017","CDC73"
"p.G44V","Coombs2017","CDC73"
"p.S62P","Coombs2017","CDK12"
"p.I76T","Coombs2017","CDK12"
"p.R80L","Coombs2017","CENPA"
"p.Y334D","Coombs2017","CHEK1"
"p.A2024V","Coombs2017","CREBBP"
"p.V322M","Coombs2017","CREBBP"
"p.R486H","Coombs2017","CTNNB1"
"p.A495T","Coombs2017","DDR2"
"p.F968S","Coombs2017","DICER1"
"p.R1473H","Coombs2017","DNMT1"
"p.Q1544E","Coombs2017","DNMT1"
"p.R749C","Coombs2017","DNMT3A"
"p.R882H","Coombs2017","DNMT3A"
"p.F755V","Coombs2017","DNMT3A"
"p.C549W","Coombs2017","DNMT3A"
"p.D747A","Coombs2017","DNMT3A"
"p.W795S","Coombs2017","DNMT3A"
"p.V687D","Coombs2017","DNMT3A"
"p.H873D","Coombs2017","DNMT3A"
"p.W860R","Coombs2017","DNMT3A"
"p.R635W","Coombs2017","DNMT3A"
"p.G699S","Coombs2017","DNMT3A"
"p.A571P","Coombs2017","DNMT3A"
"p.G298R","Coombs2017","DNMT3A"
"p.R729W","Coombs2017","DNMT3A"
"p.N838D","Coombs2017","DNMT3A"
"p.M880V","Coombs2017","DNMT3A"
"p.R736C","Coombs2017","DNMT3A"
"p.W753C","Coombs2017","DNMT3A"
"p.H694Y","Coombs2017","DNMT3A"
"p.G707S","Coombs2017","DNMT3A"
"p.R736H","Coombs2017","DNMT3A"
"p.G699C","Coombs2017","DNMT3A"
"p.L508P","Coombs2017","DNMT3A"
"p.F732C","Coombs2017","DNMT3A"
"p.G800S","Coombs2017","DNMT3A"
"p.R792C","Coombs2017","DNMT3A"
"p.M801R","Coombs2017","DNMT3A"
"p.I695L","Coombs2017","DNMT3A"
"p.G550R","Coombs2017","DNMT3A"
"p.W409C","Coombs2017","DNMT3A"
"p.W753S","Coombs2017","DNMT3A"
"p.G511R","Coombs2017","DNMT3A"
"p.S378N","Coombs2017","DNMT3A"
"p.S377R","Coombs2017","DNMT3A"
"p.S770W","Coombs2017","DNMT3A"
"p.R882C","Coombs2017","DNMT3A"
"p.I705T","Coombs2017","DNMT3A"
"p.F868L","Coombs2017","DNMT3A"
"p.S770L","Coombs2017","DNMT3A"
"p.W795L","Coombs2017","DNMT3A"
"p.E756D","Coombs2017","DNMT3A"
"p.G332R","Coombs2017","DNMT3A"
"p.L905P","Coombs2017","DNMT3A"
"p.R803G","Coombs2017","DNMT3A"
"p.W753L","Coombs2017","DNMT3A"
"p.M801T","Coombs2017","DNMT3A"
"p.P904L","Coombs2017","DNMT3A"
"p.W581L","Coombs2017","DNMT3A"
"p.G706W","Coombs2017","DNMT3A"
"p.F290S","Coombs2017","DNMT3A"
"p.R326C","Coombs2017","DNMT3A"
"p.G543C","Coombs2017","DNMT3A"
"p.P507R","Coombs2017","DNMT3A"
"p.F731L","Coombs2017","DNMT3A"
"p.Y735C","Coombs2017","DNMT3A"
"p.G685R","Coombs2017","DNMT3A"
"p.Y365C","Coombs2017","DNMT3A"
"p.A662T","Coombs2017","DNMT3A"
"p.G298E","Coombs2017","DNMT3A"
"p.G511E","Coombs2017","DNMT3A"
"p.G413V","Coombs2017","DNMT3A"
"p.V684F","Coombs2017","DNMT3A"
"p.P849S","Coombs2017","DNMT3A"
"p.V665L","Coombs2017","DNMT3A"
"p.E907G","Coombs2017","DNMT3A"
"p.P799L","Coombs2017","DNMT3A"
"p.R882L","Coombs2017","DNMT3A"
"p.P307L","Coombs2017","DNMT3A"
"p.L295Q","Coombs2017","DNMT3A"
"p.G532S","Coombs2017","DNMT3A"
"p.L754P","Coombs2017","DNMT3A"
"p.D712E","Coombs2017","DNMT3A"
"p.D531N","Coombs2017","DNMT3A"
"p.G543A","Coombs2017","DNMT3A"
"p.L703V","Coombs2017","DNMT3A"
"p.V690D","Coombs2017","DNMT3A"
"p.R320*","Coombs2017","DNMT3A"
"p.R598*","Coombs2017","DNMT3A"
"p.R771*","Coombs2017","DNMT3A"
"p.W581*","Coombs2017","DNMT3A"
"p.Q515*","Coombs2017","DNMT3A"
"p.W601*","Coombs2017","DNMT3A"
"p.C537*","Coombs2017","DNMT3A"
"p.C559*","Coombs2017","DNMT3A"
"p.W698*","Coombs2017","DNMT3A"
"p.P1111L","Coombs2017","DOT1L"
"p.F1296S","Coombs2017","DOT1L"
"p.A289V","Coombs2017","EGFR"
"p.V742I","Coombs2017","EGFR"
"p.R915H","Coombs2017","EP300"
"p.K202N","Coombs2017","EPCAM"
"p.V69L","Coombs2017","EPHA5"
"p.A547V","Coombs2017","EPHB1"
"p.V322I","Coombs2017","EPHB1"
"p.A878P","Coombs2017","ERCC4"
"p.Y98C","Coombs2017","ERCC4"
"p.R992L","Coombs2017","ERCC5"
"p.R347W","Coombs2017","EZH2"
"p.R684H","Coombs2017","EZH2"
"p.G660V","Coombs2017","EZH2"
"p.K405*","Coombs2017","EZH2"
"p.V2067M","Coombs2017","FAT1"
"p.H2126Q","Coombs2017","FAT1"
"p.Q1738K","Coombs2017","FAT1"
"p.R640*","Coombs2017","FGFR1"
"p.P781A","Coombs2017","FGFR2"
"p.G988S","Coombs2017","FLT1"
"p.N897K","Coombs2017","FLT3"
"p.H564N","Coombs2017","FLT3"
"p.E561K","Coombs2017","FLT4"
"p.R940H","Coombs2017","GLI1"
"p.T96S","Coombs2017","GNAQ"
"p.D381Y","Coombs2017","GNAS"
"p.A764S","Coombs2017","GRIN2A"
"p.D369G","Coombs2017","GRIN2A"
"p.Y55*","Coombs2017","H3F3A"
"p.P9H","Coombs2017","HIST1H1C"
"p.V152I","Coombs2017","IDH1"
"p.R140Q","Coombs2017","IDH2"
"p.L456F","Coombs2017","INPP4B"
"p.T176K","Coombs2017","IRS1"
"p.T539S","Coombs2017","IRS1"
"p.V617F","Coombs2017","JAK2"
"p.Q419K","Coombs2017","JAK2"
"p.N108S","Coombs2017","JAK3"
"p.E555K","Coombs2017","KDM5C"
"p.L75Q","Coombs2017","KDM5C"
"p.R936C","Coombs2017","KDM5C"
"p.Q1248R","Coombs2017","KDM6A"
"p.T1276S","Coombs2017","KDR"
"p.S395Y","Coombs2017","KIT"
"p.P245Q","Coombs2017","KLF4"
"p.K117N","Coombs2017","KRAS"
"p.L19F","Coombs2017","KRAS"
"p.D324Y","Coombs2017","MAP2K4"
"p.L1916M","Coombs2017","MDC1"
"p.V840A","Coombs2017","MET"
"p.Y745H","Coombs2017","MET"
"p.S176I","Coombs2017","MITF"
"p.R4468Q","Coombs2017","MLL2"
"p.P309S","Coombs2017","MLL3"
"p.R3177C","Coombs2017","MLL3"
"p.L804V","Coombs2017","MLL3"
"p.E2583*","Coombs2017","MLL3"
"p.P603S","Coombs2017","MPL"
"p.R321W","Coombs2017","MPL"
"p.T1533I","Coombs2017","MTOR"
"p.V53E","Coombs2017","MYOD1"
"p.R624C","Coombs2017","NBN"
"p.A1223T","Coombs2017","NCOA3"
"p.L1773R","Coombs2017","NF1"
"p.V417M","Coombs2017","NFE2L2"
"p.T146S","Coombs2017","NFKBIA"
"p.V226M","Coombs2017","NKX3-1"
"p.I1440L","Coombs2017","NOTCH1"
"p.R1365H","Coombs2017","NOTCH2"
"p.V1183L","Coombs2017","NOTCH3"
"p.V1659F","Coombs2017","NOTCH3"
"p.G12D","Coombs2017","NRAS"
"p.D69E","Coombs2017","NRAS"
"p.G60R","Coombs2017","NRAS"
"p.R574G","Coombs2017","NTRK1"
"p.S195P","Coombs2017","NTRK3"
"p.S561R","Coombs2017","NTRK3"
"p.R221W","Coombs2017","PAX5"
"p.V488M","Coombs2017","PDGFRA"
"p.R914Q","Coombs2017","PDGFRA"
"p.T112M","Coombs2017","PMS1"
"p.G2046R","Coombs2017","POLE"
"p.R353L","Coombs2017","PPM1D"
"p.R552*","Coombs2017","PPM1D"
"p.L513*","Coombs2017","PPM1D"
"p.R572*","Coombs2017","PPM1D"
"p.S516*","Coombs2017","PPM1D"
"p.W427*","Coombs2017","PPM1D"
"p.F304V","Coombs2017","PPP6C"
"p.Q304*","Coombs2017","PRKAR1A"
"p.R543C","Coombs2017","PTCH1"
"p.V687M","Coombs2017","PTCH1"
"p.I11V","Coombs2017","PTPN11"
"p.R684Q","Coombs2017","PTPRD"
"p.R1432H","Coombs2017","PTPRS"
"p.V276M","Coombs2017","PTPRS"
"p.R561W","Coombs2017","PTPRS"
"p.R834C","Coombs2017","PTPRT"
"p.R450H","Coombs2017","RAD21"
"p.P487L","Coombs2017","RAD21"
"p.D541A","Coombs2017","RAD21"
"p.D541N","Coombs2017","RAD21"
"p.A852T","Coombs2017","RECQL4"
"p.H1632N","Coombs2017","RICTOR"
"p.H1269N","Coombs2017","ROS1"
"p.Q1770*","Coombs2017","ROS1"
"p.D1042Y","Coombs2017","RPTOR"
"p.R346H","Coombs2017","RUNX1"
"p.Q2285K","Coombs2017","SETD2"
"p.S918*","Coombs2017","SETD2"
"p.K666N","Coombs2017","SF3B1"
"p.K700E","Coombs2017","SF3B1"
"p.K666T","Coombs2017","SF3B1"
"p.A60S","Coombs2017","SH2B3"
"p.S64T","Coombs2017","SH2B3"
"p.R269H","Coombs2017","SHQ1"
"p.P95H","Coombs2017","SRSF2"
"p.P95L","Coombs2017","SRSF2"
"p.P95R","Coombs2017","SRSF2"
"p.R252W","Coombs2017","STAG2"
"p.F171L","Coombs2017","STAG2"
"p.S633Y","Coombs2017","STAG2"
"p.P725Q","Coombs2017","STAT3"
"p.Y640F","Coombs2017","STAT3"
"p.F408L","Coombs2017","STAT3"
"p.R671Q","Coombs2017","TERT"
"p.V728I","Coombs2017","TERT"
"p.L1248P","Coombs2017","TET2"
"p.N528S","Coombs2017","TET2"
"p.F1377I","Coombs2017","TET2"
"p.D1858G","Coombs2017","TET2"
"p.T32I","Coombs2017","TET2"
"p.C1193Y","Coombs2017","TET2"
"p.A1876V","Coombs2017","TET2"
"p.E1207G","Coombs2017","TET2"
"p.R1896S","Coombs2017","TET2"
"p.F1368L","Coombs2017","TET2"
"p.Q1414K","Coombs2017","TET2"
"p.L1248R","Coombs2017","TET2"
"p.F1287C","Coombs2017","TET2"
"p.R1465Q","Coombs2017","TET2"
"p.V205M","Coombs2017","TET2"
"p.Y1148N","Coombs2017","TET2"
"p.G1172V","Coombs2017","TET2"
"p.P1194R","Coombs2017","TET2"
"p.W1233C","Coombs2017","TET2"
"p.G1282D","Coombs2017","TET2"
"p.Q3*","Coombs2017","TET2"
"p.K829*","Coombs2017","TET2"
"p.E351*","Coombs2017","TET2"
"p.Q1942*","Coombs2017","TET2"
"p.Q1699*","Coombs2017","TET2"
"p.K753*","Coombs2017","TET2"
"p.Q758*","Coombs2017","TET2"
"p.Q325*","Coombs2017","TET2"
"p.S835*","Coombs2017","TET2"
"p.R550*","Coombs2017","TET2"
"p.K1911*","Coombs2017","TET2"
"p.S1369*","Coombs2017","TET2"
"p.L532*","Coombs2017","TET2"
"p.R248W","Coombs2017","TP53"
"p.P177L","Coombs2017","TP53"
"p.A276P","Coombs2017","TP53"
"p.G245C","Coombs2017","TP53"
"p.S241C","Coombs2017","TP53"
"p.Y220C","Coombs2017","TP53"
"p.G266R","Coombs2017","TP53"
"p.R273H","Coombs2017","TP53"
"p.M246V","Coombs2017","TP53"
"p.C277Y","Coombs2017","TP53"
"p.G371D","Coombs2017","TP63"
"p.G1034D","Coombs2017","TSC1"
"p.R799H","Coombs2017","TSC2"
"p.D487N","Coombs2017","TSHR"
"p.Q157R","Coombs2017","U2AF1"
"p.S34F","Coombs2017","U2AF1"
"p.R118C","Coombs2017","U2AF1"
"p.R370H","Coombs2017","WT1"
"p.M510I","Coombs2017","WT1"
"p.Y271C","Coombs2017","ZRSR2"
"p.R489Q","Desai2018","ASXL1"
"p.P808S","Desai2018","ASXL1"
"p.I383M","Desai2018","CBL"
"p.Q203*","Desai2018","CREBBP"
"p.R882H","Desai2018","DNMT3A"
"p.A368T","Desai2018","DNMT3A"
"p.G550R","Desai2018","DNMT3A"
"p.E733G","Desai2018","DNMT3A"
"p.Y908C","Desai2018","DNMT3A"
"p.A910P","Desai2018","DNMT3A"
"p.W860R","Desai2018","DNMT3A"
"p.R326C","Desai2018","DNMT3A"
"p.W305G","Desai2018","DNMT3A"
"p.R882C","Desai2018","DNMT3A"
"p.R688H","Desai2018","DNMT3A"
"p.A368V","Desai2018","DNMT3A"
"p.Y533C","Desai2018","DNMT3A"
"p.N797K","Desai2018","DNMT3A"
"p.R736H","Desai2018","DNMT3A"
"p.R899C","Desai2018","DNMT3A"
"p.R301W","Desai2018","DNMT3A"
"p.R749G","Desai2018","DNMT3A"
"p.W409*","Desai2018","DNMT3A"
"p.W601*","Desai2018","DNMT3A"
"p.K371*","Desai2018","FLT1"
"p.L133R","Desai2018","HRAS"
"p.G1097V","Desai2018","JAK1"
"p.E814G","Desai2018","JAK2"
"p.V139I","Desai2018","KDM6A"
"p.P2525L","Desai2018","NOTCH1"
"p.R1068*","Genovese2014","ASXL1"
"p.L386*","Genovese2014","ASXL1"
"p.Q432*","Genovese2014","ASXL1"
"p.Q522*","Genovese2014","ASXL1"
"p.R693*","Genovese2014","ASXL1"
"p.R725*","Genovese2014","ASXL1"
"p.Q803*","Genovese2014","ASXL1"
"p.G826*","Genovese2014","ASXL1"
"p.C856*","Genovese2014","ASXL1"
"p.W898*","Genovese2014","ASXL1"
"p.R965*","Genovese2014","ASXL1"
"p.Y371H","Genovese2014","CBL"
"p.R420Q","Genovese2014","CBL"
"p.G543C","Genovese2014","DNMT3A"
"p.E907K","Genovese2014","DNMT3A"
"p.R597W","Genovese2014","DNMT3A"
"p.R556G","Genovese2014","DNMT3A"
"p.H613D","Genovese2014","DNMT3A"
"p.V372A","Genovese2014","DNMT3A"
"p.I292T","Genovese2014","DNMT3A"
"p.L295V","Genovese2014","DNMT3A"
"p.V296M","Genovese2014","DNMT3A"
"p.W306*","Genovese2014","DNMT3A"
"p.P307L","Genovese2014","DNMT3A"
"p.P307R","Genovese2014","DNMT3A"
"p.W314*","Genovese2014","DNMT3A"
"p.R320*","Genovese2014","DNMT3A"
"p.R326C","Genovese2014","DNMT3A"
"p.W330*","Genovese2014","DNMT3A"
"p.G332E","Genovese2014","DNMT3A"
"p.G332R","Genovese2014","DNMT3A"
"p.L344P","Genovese2014","DNMT3A"
"p.S352N","Genovese2014","DNMT3A"
"p.M364T","Genovese2014","DNMT3A"
"p.V372I","Genovese2014","DNMT3A"
"p.R379C","Genovese2014","DNMT3A"
"p.P385L","Genovese2014","DNMT3A"
"p.E423Q","Genovese2014","DNMT3A"
"p.M439T","Genovese2014","DNMT3A"
"p.W440*","Genovese2014","DNMT3A"
"p.P453L","Genovese2014","DNMT3A"
"p.S460G","Genovese2014","DNMT3A"
"p.E469*","Genovese2014","DNMT3A"
"p.C497Y","Genovese2014","DNMT3A"
"p.N501S","Genovese2014","DNMT3A"
"p.C520*","Genovese2014","DNMT3A"
"p.D529V","Genovese2014","DNMT3A"
"p.G550R","Genovese2014","DNMT3A"
"p.P569L","Genovese2014","DNMT3A"
"p.P580R","Genovese2014","DNMT3A"
"p.R598*","Genovese2014","DNMT3A"
"p.E599D","Genovese2014","DNMT3A"
"p.R604Q","Genovese2014","DNMT3A"
"p.L605P","Genovese2014","DNMT3A"
"p.E616*","Genovese2014","DNMT3A"
"p.I655N","Genovese2014","DNMT3A"
"p.V657M","Genovese2014","DNMT3A"
"p.A662T","Genovese2014","DNMT3A"
"p.V665L","Genovese2014","DNMT3A"
"p.R676L","Genovese2014","DNMT3A"
"p.I681M","Genovese2014","DNMT3A"
"p.I681N","Genovese2014","DNMT3A"
"p.G685E","Genovese2014","DNMT3A"
"p.R688H","Genovese2014","DNMT3A"
"p.E697*","Genovese2014","DNMT3A"
"p.D702N","Genovese2014","DNMT3A"
"p.G706E","Genovese2014","DNMT3A"
"p.C710S","Genovese2014","DNMT3A"
"p.S714C","Genovese2014","DNMT3A"
"p.R729W","Genovese2014","DNMT3A"
"p.F732C","Genovese2014","DNMT3A"
"p.E733G","Genovese2014","DNMT3A"
"p.Y735C","Genovese2014","DNMT3A"
"p.R736H","Genovese2014","DNMT3A"
"p.R736C","Genovese2014","DNMT3A"
"p.R749C","Genovese2014","DNMT3A"
"p.F751C","Genovese2014","DNMT3A"
"p.W753C","Genovese2014","DNMT3A"
"p.F755S","Genovese2014","DNMT3A"
"p.E756D","Genovese2014","DNMT3A"
"p.M761V","Genovese2014","DNMT3A"
"p.I769T","Genovese2014","DNMT3A"
"p.S770*","Genovese2014","DNMT3A"
"p.R771*","Genovese2014","DNMT3A"
"p.P777R","Genovese2014","DNMT3A"
"p.I780T","Genovese2014","DNMT3A"
"p.R792H","Genovese2014","DNMT3A"
"p.W795R","Genovese2014","DNMT3A"
"p.G796V","Genovese2014","DNMT3A"
"p.Q816*","Genovese2014","DNMT3A"
"p.G843S","Genovese2014","DNMT3A"
"p.M852V","Genovese2014","DNMT3A"
"p.W860R","Genovese2014","DNMT3A"
"p.M880V","Genovese2014","DNMT3A"
"p.R882H","Genovese2014","DNMT3A"
"p.R882C","Genovese2014","DNMT3A"
"p.G890D","Genovese2014","DNMT3A"
"p.W893*","Genovese2014","DNMT3A"
"p.V895M","Genovese2014","DNMT3A"
"p.R899C","Genovese2014","DNMT3A"
"p.P904L","Genovese2014","DNMT3A"
"p.L905R","Genovese2014","DNMT3A"
"p.L905Q","Genovese2014","DNMT3A"
"p.Y908C","Genovese2014","DNMT3A"
"p.R140W","Genovese2014","IDH2"
"p.V617F","Genovese2014","JAK2"
"p.L265P","Genovese2014","MYD88"
"p.C407*","Genovese2014","PPM1D"
"p.R458*","Genovese2014","PPM1D"
"p.E525*","Genovese2014","PPM1D"
"p.E540*","Genovese2014","PPM1D"
"p.R572*","Genovese2014","PPM1D"
"p.E622D","Genovese2014","SF3B1"
"p.K666N","Genovese2014","SF3B1"
"p.K666T","Genovese2014","SF3B1"
"p.K700E","Genovese2014","SF3B1"
"p.P95R","Genovese2014","SRSF2"
"p.P95H","Genovese2014","SRSF2"
"p.E149*","Genovese2014","TET2"
"p.S327*","Genovese2014","TET2"
"p.E448*","Genovese2014","TET2"
"p.Q746*","Genovese2014","TET2"
"p.Q790*","Genovese2014","TET2"
"p.R815*","Genovese2014","TET2"
"p.Q847*","Genovese2014","TET2"
"p.Q888*","Genovese2014","TET2"
"p.Y220C","Genovese2014","TP53"
"p.C238Y","Genovese2014","TP53"
"p.R248Q","Genovese2014","TP53"
"p.S34F","Genovese2014","U2AF1"
"p.R404*","Jaiswal2014","ASXL1"
"p.R417*","Jaiswal2014","ASXL1"
"p.Q432*","Jaiswal2014","ASXL1"
"p.Q512*","Jaiswal2014","ASXL1"
"p.Q517*","Jaiswal2014","ASXL1"
"p.E518*","Jaiswal2014","ASXL1"
"p.Q529*","Jaiswal2014","ASXL1"
"p.Q546*","Jaiswal2014","ASXL1"
"p.Q575*","Jaiswal2014","ASXL1"
"p.W583*","Jaiswal2014","ASXL1"
"p.Y591*","Jaiswal2014","ASXL1"
"p.C594*","Jaiswal2014","ASXL1"
"p.Q692*","Jaiswal2014","ASXL1"
"p.R693*","Jaiswal2014","ASXL1"
"p.Q748*","Jaiswal2014","ASXL1"
"p.Q757*","Jaiswal2014","ASXL1"
"p.Q760*","Jaiswal2014","ASXL1"
"p.Q768*","Jaiswal2014","ASXL1"
"p.Q780*","Jaiswal2014","ASXL1"
"p.Q803*","Jaiswal2014","ASXL1"
"p.L823*","Jaiswal2014","ASXL1"
"p.E947*","Jaiswal2014","ASXL1"
"p.W1037*","Jaiswal2014","ASXL1"
"p.G596S","Jaiswal2014","BCL11B"
"p.S292*","Jaiswal2014","BCORL1"
"p.R1332*","Jaiswal2014","BCORL1"
"p.G469E","Jaiswal2014","BRAF"
"p.V600E","Jaiswal2014","BRAF"
"p.R81*","Jaiswal2014","BRCC3"
"p.R89*","Jaiswal2014","BRCC3"
"p.R423W","Jaiswal2014","CARD11"
"p.C381R","Jaiswal2014","CBL"
"p.C381Y","Jaiswal2014","CBL"
"p.C381S","Jaiswal2014","CBL"
"p.K382E","Jaiswal2014","CBL"
"p.I383M","Jaiswal2014","CBL"
"p.C404Y","Jaiswal2014","CBL"
"p.G415S","Jaiswal2014","CBL"
"p.F418I","Jaiswal2014","CBL"
"p.G210S","Jaiswal2014","CD58"
"p.Y196S","Jaiswal2014","CD79B"
"p.Q37*","Jaiswal2014","CUX1"
"p.R147*","Jaiswal2014","CUX1"
"p.R882H","Jaiswal2014","DNMT3A"
"p.E241*","Jaiswal2014","DNMT3A"
"p.Q249*","Jaiswal2014","DNMT3A"
"p.E294*","Jaiswal2014","DNMT3A"
"p.W297*","Jaiswal2014","DNMT3A"
"p.W305*","Jaiswal2014","DNMT3A"
"p.W306*","Jaiswal2014","DNMT3A"
"p.P307S","Jaiswal2014","DNMT3A"
"p.R320*","Jaiswal2014","DNMT3A"
"p.R326S","Jaiswal2014","DNMT3A"
"p.R326C","Jaiswal2014","DNMT3A"
"p.R326H","Jaiswal2014","DNMT3A"
"p.R326L","Jaiswal2014","DNMT3A"
"p.W327*","Jaiswal2014","DNMT3A"
"p.W330*","Jaiswal2014","DNMT3A"
"p.G332*","Jaiswal2014","DNMT3A"
"p.Q356*","Jaiswal2014","DNMT3A"
"p.R366G","Jaiswal2014","DNMT3A"
"p.R366H","Jaiswal2014","DNMT3A"
"p.Q374*","Jaiswal2014","DNMT3A"
"p.Q402*","Jaiswal2014","DNMT3A"
"p.W409*","Jaiswal2014","DNMT3A"
"p.F414C","Jaiswal2014","DNMT3A"
"p.E473*","Jaiswal2014","DNMT3A"
"p.E482*","Jaiswal2014","DNMT3A"
"p.K486*","Jaiswal2014","DNMT3A"
"p.C497Y","Jaiswal2014","DNMT3A"
"p.Q527P","Jaiswal2014","DNMT3A"
"p.Q527*","Jaiswal2014","DNMT3A"
"p.Y528*","Jaiswal2014","DNMT3A"
"p.Y536*","Jaiswal2014","DNMT3A"
"p.C537*","Jaiswal2014","DNMT3A"
"p.G543S","Jaiswal2014","DNMT3A"
"p.G543C","Jaiswal2014","DNMT3A"
"p.L547F","Jaiswal2014","DNMT3A"
"p.L547H","Jaiswal2014","DNMT3A"
"p.L547R","Jaiswal2014","DNMT3A"
"p.G550R","Jaiswal2014","DNMT3A"
"p.W581G","Jaiswal2014","DNMT3A"
"p.W581*","Jaiswal2014","DNMT3A"
"p.R598*","Jaiswal2014","DNMT3A"
"p.W601*","Jaiswal2014","DNMT3A"
"p.Q615*","Jaiswal2014","DNMT3A"
"p.L653F","Jaiswal2014","DNMT3A"
"p.Q656*","Jaiswal2014","DNMT3A"
"p.V657M","Jaiswal2014","DNMT3A"
"p.R659H","Jaiswal2014","DNMT3A"
"p.Y660C","Jaiswal2014","DNMT3A"
"p.R676Q","Jaiswal2014","DNMT3A"
"p.G685R","Jaiswal2014","DNMT3A"
"p.G685E","Jaiswal2014","DNMT3A"
"p.G685A","Jaiswal2014","DNMT3A"
"p.D686Y","Jaiswal2014","DNMT3A"
"p.D686V","Jaiswal2014","DNMT3A"
"p.Q696*","Jaiswal2014","DNMT3A"
"p.G699S","Jaiswal2014","DNMT3A"
"p.G699D","Jaiswal2014","DNMT3A"
"p.P700S","Jaiswal2014","DNMT3A"
"p.P700R","Jaiswal2014","DNMT3A"
"p.D702N","Jaiswal2014","DNMT3A"
"p.D702Y","Jaiswal2014","DNMT3A"
"p.I705T","Jaiswal2014","DNMT3A"
"p.C710S","Jaiswal2014","DNMT3A"
"p.N717I","Jaiswal2014","DNMT3A"
"p.R720H","Jaiswal2014","DNMT3A"
"p.R729G","Jaiswal2014","DNMT3A"
"p.R729W","Jaiswal2014","DNMT3A"
"p.F731L","Jaiswal2014","DNMT3A"
"p.F732S","Jaiswal2014","DNMT3A"
"p.F734C","Jaiswal2014","DNMT3A"
"p.Y735C","Jaiswal2014","DNMT3A"
"p.Y735*","Jaiswal2014","DNMT3A"
"p.R736C","Jaiswal2014","DNMT3A"
"p.R736H","Jaiswal2014","DNMT3A"
"p.L737H","Jaiswal2014","DNMT3A"
"p.L737P","Jaiswal2014","DNMT3A"
"p.L737R","Jaiswal2014","DNMT3A"
"p.R749L","Jaiswal2014","DNMT3A"
"p.F751L","Jaiswal2014","DNMT3A"
"p.F752I","Jaiswal2014","DNMT3A"
"p.F752V","Jaiswal2014","DNMT3A"
"p.F752L","Jaiswal2014","DNMT3A"
"p.W753*","Jaiswal2014","DNMT3A"
"p.L754H","Jaiswal2014","DNMT3A"
"p.F755I","Jaiswal2014","DNMT3A"
"p.F755S","Jaiswal2014","DNMT3A"
"p.S770W","Jaiswal2014","DNMT3A"
"p.R771Q","Jaiswal2014","DNMT3A"
"p.R771*","Jaiswal2014","DNMT3A"
"p.E774D","Jaiswal2014","DNMT3A"
"p.W795*","Jaiswal2014","DNMT3A"
"p.G796V","Jaiswal2014","DNMT3A"
"p.P799H","Jaiswal2014","DNMT3A"
"p.P804L","Jaiswal2014","DNMT3A"
"p.W860R","Jaiswal2014","DNMT3A"
"p.W860*","Jaiswal2014","DNMT3A"
"p.G869V","Jaiswal2014","DNMT3A"
"p.M880V","Jaiswal2014","DNMT3A"
"p.S881I","Jaiswal2014","DNMT3A"
"p.R882C","Jaiswal2014","DNMT3A"
"p.R882P","Jaiswal2014","DNMT3A"
"p.G890D","Jaiswal2014","DNMT3A"
"p.L901H","Jaiswal2014","DNMT3A"
"p.P904L","Jaiswal2014","DNMT3A"
"p.V592A","Jaiswal2014","FLT3"
"p.R844G","Jaiswal2014","GNAS"
"p.R844C","Jaiswal2014","GNAS"
"p.R844S","Jaiswal2014","GNAS"
"p.R844H","Jaiswal2014","GNAS"
"p.K57E","Jaiswal2014","GNB1"
"p.K57M","Jaiswal2014","GNB1"
"p.K57N","Jaiswal2014","GNB1"
"p.R140Q","Jaiswal2014","IDH2"
"p.Y477*","Jaiswal2014","IKZF1"
"p.V617F","Jaiswal2014","JAK2"
"p.M511I","Jaiswal2014","JAK3"
"p.R172*","Jaiswal2014","KDM6A"
"p.R634W","Jaiswal2014","KIT"
"p.R98W","Jaiswal2014","KLHL6"
"p.G12C","Jaiswal2014","KRAS"
"p.K117N","Jaiswal2014","KRAS"
"p.A146V","Jaiswal2014","KRAS"
"p.Q91*","Jaiswal2014","LUC7L2"
"p.R262*","Jaiswal2014","LUC7L2"
"p.Q2418*","Jaiswal2014","MLL2"
"p.W515L","Jaiswal2014","MPL"
"p.L273P","Jaiswal2014","MYD88"
"p.E1450*","Jaiswal2014","NOTCH1"
"p.W10*","Jaiswal2014","NOTCH2"
"p.G13D","Jaiswal2014","NRAS"
"p.G13R","Jaiswal2014","NRAS"
"p.Q61H","Jaiswal2014","NRAS"
"p.G306*","Jaiswal2014","PHF6"
"p.R38H","Jaiswal2014","PIK3CA"
"p.Q241*","Jaiswal2014","PRPF40B"
"p.Y63C","Jaiswal2014","PTPN11"
"p.E69Q","Jaiswal2014","PTPN11"
"p.S56*","Jaiswal2014","RAD21"
"p.R65Q","Jaiswal2014","RAD21"
"p.A135G","Jaiswal2014","RPS15"
"p.R1492*","Jaiswal2014","SETD2"
"p.R387W","Jaiswal2014","SF3B1"
"p.K666N","Jaiswal2014","SF3B1"
"p.K666R","Jaiswal2014","SF3B1"
"p.K666E","Jaiswal2014","SF3B1"
"p.K666Q","Jaiswal2014","SF3B1"
"p.K700E","Jaiswal2014","SF3B1"
"p.G742D","Jaiswal2014","SF3B1"
"p.E783K","Jaiswal2014","SF3B1"
"p.Y44H","Jaiswal2014","SRSF2"
"p.P95H","Jaiswal2014","SRSF2"
"p.P95L","Jaiswal2014","SRSF2"
"p.P95R","Jaiswal2014","SRSF2"
"p.P95T","Jaiswal2014","SRSF2"
"p.R1090H","Jaiswal2014","SMC1A"
"p.R360*","Jaiswal2014","SMC3"
"p.R971*","Jaiswal2014","STAG1"
"p.C711*","Jaiswal2014","STAG2"
"p.G618R","Jaiswal2014","STAT3"
"p.D661Y","Jaiswal2014","STAT3"
"p.C1135Y","Jaiswal2014","TET2"
"p.Q341*","Jaiswal2014","TET2"
"p.Q383*","Jaiswal2014","TET2"
"p.S423*","Jaiswal2014","TET2"
"p.Q481*","Jaiswal2014","TET2"
"p.S530*","Jaiswal2014","TET2"
"p.Q530*","Jaiswal2014","TET2"
"p.L532*","Jaiswal2014","TET2"
"p.R544*","Jaiswal2014","TET2"
"p.W585*","Jaiswal2014","TET2"
"p.S588*","Jaiswal2014","TET2"
"p.Q705*","Jaiswal2014","TET2"
"p.Q734*","Jaiswal2014","TET2"
"p.S757*","Jaiswal2014","TET2"
"p.Q770*","Jaiswal2014","TET2"
"p.Q779*","Jaiswal2014","TET2"
"p.Q866*","Jaiswal2014","TET2"
"p.Q909*","Jaiswal2014","TET2"
"p.Q910*","Jaiswal2014","TET2"
"p.Q916*","Jaiswal2014","TET2"
"p.Q937*","Jaiswal2014","TET2"
"p.Q1030*","Jaiswal2014","TET2"
"p.Q110*","Jaiswal2014","TNFAIP3"
"p.R183*","Jaiswal2014","TNFAIP3"
"p.E297*","Jaiswal2014","TNFAIP3"
"p.R110L","Jaiswal2014","TP53"
"p.R110C","Jaiswal2014","TP53"
"p.K132E","Jaiswal2014","TP53"
"p.W146*","Jaiswal2014","TP53"
"p.P152L","Jaiswal2014","TP53"
"p.R158H","Jaiswal2014","TP53"
"p.V173E","Jaiswal2014","TP53"
"p.R175H","Jaiswal2014","TP53"
"p.P177R","Jaiswal2014","TP53"
"p.R181C","Jaiswal2014","TP53"
"p.H193R","Jaiswal2014","TP53"
"p.Y220C","Jaiswal2014","TP53"
"p.Y220H","Jaiswal2014","TP53"
"p.N235D","Jaiswal2014","TP53"
"p.S241C","Jaiswal2014","TP53"
"p.G245C","Jaiswal2014","TP53"
"p.R248Q","Jaiswal2014","TP53"
"p.R280G","Jaiswal2014","TP53"
"p.D281N","Jaiswal2014","TP53"
"p.R282W","Jaiswal2014","TP53"
"p.R283H","Jaiswal2014","TP53"
"p.R342*","Jaiswal2014","TP53"
"p.D14G","Jaiswal2014","U2AF1"
"p.S34F","Jaiswal2014","U2AF1"
"p.R156H","Jaiswal2014","U2AF1"
"p.R126P","Jaiswal2014","ZRSR2"
"p.R295*","Jaiswal2014","ZRSR2"
"p.R882H","McKerrel2015","DNMT3A"
"p.R882C","McKerrel2015","DNMT3A"
"p.R882S","McKerrel2015","DNMT3A"
"p.R132H","McKerrel2015","IDH1"
"p.R132C","McKerrel2015","IDH1"
"p.R140Q","McKerrel2015","IDH2"
"p.V617F","McKerrel2015","JAK2"
"p.G12R","McKerrel2015","KRAS"
"p.G12S","McKerrel2015","KRAS"
"p.G12S","McKerrel2015","NRAS"
"p.G12D","McKerrel2015","NRAS"
"p.K700E","McKerrel2015","SF3B1"
"p.K666N","McKerrel2015","SF3B1"
"p.K666E","McKerrel2015","SF3B1"
"p.P95R","McKerrel2015","SRSF2"
"p.P95L","McKerrel2015","SRSF2"
"p.P95H","McKerrel2015","SRSF2"
"p.N859S","Young2016","ASXL1"
"p.H1376Q","Young2016","BCORL1"
"p.C381Y","Young2016","CBL"
"p.R602H","Young2016","CUX1"
"p.R899G","Young2016","DNMT3A"
"p.W860R","Young2016","DNMT3A"
"p.T834A","Young2016","DNMT3A"
"p.R749H","Young2016","DNMT3A"
"p.S714C","Young2016","DNMT3A"
"p.I705T","Young2016","DNMT3A"
"p.L639F","Young2016","DNMT3A"
"p.L637P","Young2016","DNMT3A"
"p.R635W","Young2016","DNMT3A"
"p.S337*","Young2016","DNMT3A"
"p.R320*","Young2016","DNMT3A"
"p.E283*","Young2016","DNMT3A"
"p.Q231*","Young2016","DNMT3A"
"p.K67E","Young2016","DNMT3A"
"p.Q2338*","Young2016","NOTCH1"
"p.L242P","Young2016","SMC3"
"p.R305L","Young2016","STAG2"
"p.V376L","Young2016","STAG2"
"p.G1288S","Young2016","TET2"
"p.F1309L","Young2016","TET2"
"p.R1359H","Young2016","TET2"
"p.P278H","Young2016","TP53"
"p.E355Q","Young2019","ABL1"
"p.W1037*","Young2019","ASXL1"
"p.E1183K","Young2019","ASXL1"
"p.I2033V","Young2019","ATRX"
"p.G1692V","Young2019","ATRX"
"p.K1580I","Young2019","ATRX"
"p.C1454S","Young2019","BCOR"
"p.V1132E","Young2019","BCOR"
"p.S310R","Young2019","BCOR"
"p.A1486T","Young2019","BCORL1"
"p.T563A","Young2019","BCORL1"
"p.S936Y","Young2019","BCORL1"
"p.P569S","Young2019","BCORL1"
"p.C416S","Young2019","CBL"
"p.G415R","Young2019","CBL"
"p.C384G","Young2019","CBL"
"p.V431A","Young2019","CBL"
"p.R70Q","Young2019","CDKN2A"
"p.C643Y","Young2019","CSF3R"
"p.E1180D","Young2019","CUX1"
"p.L153Q","Young2019","CUX1"
"p.Y125N","Young2019","CUX1"
"p.P1181L","Young2019","CUX1"
"p.S1175C","Young2019","CUX1"
"p.D740E","Young2019","DNMT3A"
"p.E426*","Young2019","DNMT3A"
"p.W305*","Young2019","DNMT3A"
"p.S775P","Young2019","DNMT3A"
"p.L737R","Young2019","DNMT3A"
"p.R899H","Young2019","DNMT3A"
"p.M880V","Young2019","DNMT3A"
"p.F752L","Young2019","DNMT3A"
"p.W297*","Young2019","DNMT3A"
"p.E664K","Young2019","DNMT3A"
"p.P904L","Young2019","DNMT3A"
"p.P904S","Young2019","DNMT3A"
"p.Q886R","Young2019","DNMT3A"
"p.M761V","Young2019","DNMT3A"
"p.W409*","Young2019","DNMT3A"
"p.P307R","Young2019","DNMT3A"
"p.W860R","Young2019","DNMT3A"
"p.V636L","Young2019","DNMT3A"
"p.F909L","Young2019","DNMT3A"
"p.S714C","Young2019","DNMT3A"
"p.N838D","Young2019","DNMT3A"
"p.G673V","Young2019","DNMT3A"
"p.G332R","Young2019","DNMT3A"
"p.R749C","Young2019","DNMT3A"
"p.R882C","Young2019","DNMT3A"
"p.L639F","Young2019","DNMT3A"
"p.R635P","Young2019","DNMT3A"
"p.F751V","Young2019","DNMT3A"
"p.R736H","Young2019","DNMT3A"
"p.V657M","Young2019","DNMT3A"
"p.P849R","Young2019","DNMT3A"
"p.R736C","Young2019","DNMT3A"
"p.I780T","Young2019","DNMT3A"
"p.E756Q","Young2019","DNMT3A"
"p.L295P","Young2019","DNMT3A"
"p.E37*","Young2019","DNMT3A"
"p.V636M","Young2019","DNMT3A"
"p.G543A","Young2019","DNMT3A"
"p.G543D","Young2019","DNMT3A"
"p.R187S","Young2019","DNMT3A"
"p.R366C","Young2019","DNMT3A"
"p.R326C","Young2019","DNMT3A"
"p.F751C","Young2019","DNMT3A"
"p.R688S","Young2019","DNMT3A"
"p.C583R","Young2019","DNMT3A"
"p.E733G","Young2019","DNMT3A"
"p.P507R","Young2019","DNMT3A"
"p.W440*","Young2019","DNMT3A"
"p.Y536*","Young2019","DNMT3A"
"p.F701L","Young2019","DNMT3A"
"p.W313*","Young2019","DNMT3A"
"p.Q842R","Young2019","DNMT3A"
"p.L703P","Young2019","DNMT3A"
"p.M682R","Young2019","DNMT3A"
"p.H739P","Young2019","DNMT3A"
"p.F751S","Young2019","DNMT3A"
"p.R882H","Young2019","DNMT3A"
"p.T862I","Young2019","DNMT3A"
"p.F732L","Young2019","DNMT3A"
"p.E235*","Young2019","DNMT3A"
"p.M315T","Young2019","ETV6"
"p.V371L","Young2019","ETV6"
"p.S380T","Young2019","EZH2"
"p.R684P","Young2019","EZH2"
"p.A255P","Young2019","EZH2"
"p.F521Y","Young2019","FBXW7"
"p.W306*","Young2019","GATA2"
"p.T301I","Young2019","GATA2"
"p.N32S","Young2019","GATA2"
"p.G320D","Young2019","GATA2"
"p.R201H","Young2019","GNAS"
"p.G231C","Young2019","IKZF1"
"p.V617F","Young2019","JAK2"
"p.E35G","Young2019","KDM6A"
"p.A30V","Young2019","KDM6A"
"p.V1113L","Young2019","KDM6A"
"p.T842N","Young2019","KDM6A"
"p.Q575H","Young2019","KIT"
"p.V530I","Young2019","KIT"
"p.R49S","Young2019","KIT"
"p.G12D","Young2019","KRAS"
"p.V206L","Young2019","MYD88"
"p.D1642E","Young2019","NOTCH1"
"p.P2334L","Young2019","NOTCH1"
"p.S2538R","Young2019","NOTCH1"
"p.L77F","Young2019","PTPN11"
"p.P86T","Young2019","RUNX1"
"p.R630G","Young2019","SF3B1"
"p.R55P","Young2019","SRSF2"
"p.T958P","Young2019","STAG2"
"p.M1333R","Young2019","TET2"
"p.Q916*","Young2019","TET2"
"p.G1235V","Young2019","TET2"
"p.P669Q","Young2019","TET2"
"p.D1158Y","Young2019","TET2"
"p.S1848*","Young2019","TET2"
"p.Q1852*","Young2019","TET2"
"p.I565V","Young2019","TET2"
"p.K1005*","Young2019","TET2"
"p.G1297R","Young2019","TET2"
"p.F1368I","Young2019","TET2"
"p.S817F","Young2019","TET2"
"p.R1516*","Young2019","TET2"
"p.S1870P","Young2019","TET2"
"p.L1311P","Young2019","TET2"
"p.Q744*","Young2019","TET2"
"p.T1980A","Young2019","TET2"
"p.K603*","Young2019","TET2"
"p.I1873T","Young2019","TET2"
"p.Q963*","Young2019","TET2"
"p.Q1524*","Young2019","TET2"
"p.R1896T","Young2019","TET2"
"p.L1153P","Young2019","TET2"
"p.K1500N","Young2019","TET2"
"p.R1167G","Young2019","TET2"
"p.Q810L","Young2019","TET2"
"p.Q1051H","Young2019","TET2"
"p.R248W","Young2019","TP53"
"p.R273H","Young2019","TP53"
"p.C275Y","Young2019","TP53"
"p.A138T","Young2019","TP53"
"p.S34F","Young2019","U2AF1"
"p.E60K","Young2019","ZRSR2"
"p.G298R","Young2019","DNMT3A"
"p.T264P","ZinkWGS","ACSS2"
"p.F121S","ZinkWGS","AKAP17A"
"p.T123P","ZinkWGS","AKAP17A"
"p.I1220F","ZinkWGS","ASXL1"
"p.S392*","ZinkWGS","ASXL1"
"p.R404*","ZinkWGS","ASXL1"
"p.Q588*","ZinkWGS","ASXL1"
"p.Y591*","ZinkWGS","ASXL1"
"p.Q592*","ZinkWGS","ASXL1"
"p.C856*","ZinkWGS","ASXL1"
"p.C381R","ZinkWGS","CBL"
"p.R506*","ZinkWGS","CBL"
"p.R443S","ZinkWGS","CEP112"
"p.P904L","ZinkWGS","DNMT3A"
"p.G890D","ZinkWGS","DNMT3A"
"p.R882P","ZinkWGS","DNMT3A"
"p.R882H","ZinkWGS","DNMT3A"
"p.R882C","ZinkWGS","DNMT3A"
"p.R882S","ZinkWGS","DNMT3A"
"p.P799R","ZinkWGS","DNMT3A"
"p.R736H","ZinkWGS","DNMT3A"
"p.R736C","ZinkWGS","DNMT3A"
"p.Y735C","ZinkWGS","DNMT3A"
"p.S714C","ZinkWGS","DNMT3A"
"p.I705T","ZinkWGS","DNMT3A"
"p.G699D","ZinkWGS","DNMT3A"
"p.R635W","ZinkWGS","DNMT3A"
"p.L373P","ZinkWGS","DNMT3A"
"p.E30A","ZinkWGS","DNMT3A"
"p.W893*","ZinkWGS","DNMT3A"
"p.Q846*","ZinkWGS","DNMT3A"
"p.R598*","ZinkWGS","DNMT3A"
"p.Y359*","ZinkWGS","DNMT3A"
"p.R320*","ZinkWGS","DNMT3A"
"p.W313*","ZinkWGS","DNMT3A"
"p.W305*","ZinkWGS","DNMT3A"
"p.R201H","ZinkWGS","GNAS"
"p.V568I","ZinkWGS","GOLGA8B"
"p.L152P","ZinkWGS","HRC"
"p.R140Q","ZinkWGS","IDH2"
"p.V617F","ZinkWGS","JAK2"
"p.Y373*","ZinkWGS","JAK2"
"p.W515L","ZinkWGS","MPL"
"p.G12D","ZinkWGS","NRAS"
"p.G12S","ZinkWGS","NRAS"
"p.Q510*","ZinkWGS","PPM1D"
"p.S516*","ZinkWGS","PPM1D"
"p.R23H","ZinkWGS","ROBO1"
"p.K700E","ZinkWGS","SF3B1"
"p.K666N","ZinkWGS","SF3B1"
"p.R196*","ZinkWGS","SF3B1"
"p.P95L","ZinkWGS","SRSF2"
"p.P95R","ZinkWGS","SRSF2"
"p.P95H","ZinkWGS","SRSF2"
"p.G8689S","ZinkWGS","SYNE1"
"p.C1135Y","ZinkWGS","TET2"
"p.G1154D","ZinkWGS","TET2"
"p.R1261H","ZinkWGS","TET2"
"p.R1359H","ZinkWGS","TET2"
"p.D1376N","ZinkWGS","TET2"
"p.S1870L","ZinkWGS","TET2"
"p.Q138*","ZinkWGS","TET2"
"p.Q273*","ZinkWGS","TET2"
"p.S585*","ZinkWGS","TET2"
"p.Q810*","ZinkWGS","TET2"
"p.Y867*","ZinkWGS","TET2"
"p.Q916*","ZinkWGS","TET2"
"p.Q1009*","ZinkWGS","TET2"
"p.C1193*","ZinkWGS","TET2"
"p.Q1389*","ZinkWGS","TET2"
"p.R1516*","ZinkWGS","TET2"
"p.Q1523*","ZinkWGS","TET2"
"p.Q1526*","ZinkWGS","TET2"
"p.Q1540*","ZinkWGS","TET2"
"p.T377P","ZinkWGS","TP53"
"p.R273H","ZinkWGS","TP53"
"p.C242Y","ZinkWGS","TP53"
"p.N235S","ZinkWGS","TP53"
"p.T533P","ZinkWGS","UMODL1"
